,latitude,longitude,category
885,,,[Reptiles]
886,,,[Reptiles]
887,,,[Reptiles]
888,,,[Reptiles]
889,34.73305556,-98.52472222,[Reptiles]
890,34.73305556,-98.52472222,[Reptiles]
891,34.73305556,-98.52472222,[Reptiles]
892,34.73305556,-98.52472222,[Reptiles]
893,34.73305556,-98.52472222,[Reptiles]
894,34.73305556,-98.52472222,[Reptiles]
895,34.73305556,-98.52472222,[Reptiles]
896,34.73305556,-98.52472222,[Reptiles]
897,34.73305556,-98.52472222,[Reptiles]
898,34.73305556,-98.52472222,[Reptiles]
899,34.73305556,-98.52472222,[Reptiles]
900,34.73305556,-98.52472222,[Reptiles]
901,34.73305556,-98.52472222,[Reptiles]
902,34.73305556,-98.52472222,[Reptiles]
903,34.73305556,-98.52472222,[Reptiles]
904,34.73305556,-98.52472222,[Reptiles]
905,34.73305556,-98.52472222,[Reptiles]
906,34.73305556,-98.52472222,[Reptiles]
907,34.73305556,-98.52472222,[Reptiles]
908,34.73305556,-98.52472222,[Reptiles]
909,34.73305556,-98.52472222,[Reptiles]
910,34.73305556,-98.52472222,[Reptiles]
911,34.73305556,-98.52472222,[Reptiles]
912,34.73305556,-98.52472222,[Reptiles]
913,34.73305556,-98.52472222,[Reptiles]
914,34.73305556,-98.52472222,[Reptiles]
915,34.73305556,-98.52472222,[Reptiles]
916,34.73305556,-98.52472222,[Reptiles]
917,34.73305556,-98.52472222,[Reptiles]
918,34.73305556,-98.52472222,[Reptiles]
919,34.73305556,-98.52472222,[Reptiles]
920,34.73305556,-98.52472222,[Reptiles]
921,34.73305556,-98.52472222,[Reptiles]
922,34.73305556,-98.52472222,[Reptiles]
923,34.73305556,-98.52472222,[Reptiles]
924,34.73305556,-98.52472222,[Reptiles]
925,34.73305556,-98.52472222,[Reptiles]
926,34.73305556,-98.52472222,[Reptiles]
927,34.73305556,-98.52472222,[Reptiles]
928,34.73305556,-98.52472222,[Reptiles]
929,34.73305556,-98.52472222,[Reptiles]
930,34.73305556,-98.52472222,[Reptiles]
931,34.73305556,-98.52472222,[Reptiles]
932,34.73305556,-98.52472222,[Reptiles]
933,34.73305556,-98.52472222,[Reptiles]
934,34.73305556,-98.52472222,[Reptiles]
935,34.73305556,-98.52472222,[Reptiles]
936,34.73305556,-98.52472222,[Reptiles]
937,34.73305556,-98.52472222,[Reptiles]
938,34.73305556,-98.52472222,[Reptiles]
939,34.73305556,-98.52472222,[Reptiles]
940,34.73305556,-98.52472222,[Reptiles]
941,34.73305556,-98.52472222,[Reptiles]
942,34.73305556,-98.52472222,[Reptiles]
943,34.73305556,-98.52472222,[Reptiles]
944,34.73305556,-98.52472222,[Reptiles]
945,34.73305556,-98.52472222,[Reptiles]
946,34.73305556,-98.52472222,[Reptiles]
947,34.73305556,-98.52472222,[Reptiles]
948,34.73305556,-98.52472222,[Reptiles]
949,34.73305556,-98.52472222,[Reptiles]
950,34.73305556,-98.52472222,[Reptiles]
951,34.73305556,-98.52472222,[Reptiles]
952,34.73305556,-98.52472222,[Reptiles]
953,34.73305556,-98.52472222,[Reptiles]
954,34.73305556,-98.52472222,[Reptiles]
955,34.73305556,-98.52472222,[Reptiles]
956,34.73305556,-98.52472222,[Reptiles]
957,34.73305556,-98.52472222,[Reptiles]
958,34.73305556,-98.52472222,[Reptiles]
959,34.73305556,-98.52472222,[Reptiles]
960,34.73305556,-98.52472222,[Reptiles]
961,34.73305556,-98.52472222,[Reptiles]
962,34.73305556,-98.52472222,[Reptiles]
963,34.73305556,-98.52472222,[Reptiles]
964,34.73305556,-98.52472222,[Reptiles]
965,34.73305556,-98.52472222,[Reptiles]
966,34.73305556,-98.52472222,[Reptiles]
967,34.73305556,-98.52472222,[Reptiles]
968,34.73305556,-98.52472222,[Reptiles]
969,34.73305556,-98.52472222,[Reptiles]
970,34.73305556,-98.52472222,[Reptiles]
971,34.73305556,-98.52472222,[Reptiles]
972,34.73305556,-98.52472222,[Reptiles]
973,34.73305556,-98.52472222,[Reptiles]
974,34.73305556,-98.52472222,[Reptiles]
975,34.73305556,-98.52472222,[Reptiles]
976,34.73305556,-98.52472222,[Reptiles]
977,34.73305556,-98.52472222,[Reptiles]
978,34.73305556,-98.52472222,[Reptiles]
979,34.73305556,-98.52472222,[Reptiles]
980,34.73305556,-98.52472222,[Reptiles]
981,34.73305556,-98.52472222,[Reptiles]
982,34.73305556,-98.52472222,[Reptiles]
983,34.73305556,-98.52472222,[Reptiles]
984,34.73305556,-98.52472222,[Reptiles]
985,34.73305556,-98.52472222,[Reptiles]
986,34.73305556,-98.52472222,[Reptiles]
987,34.73305556,-98.52472222,[Reptiles]
988,34.73305556,-98.52472222,[Reptiles]
989,34.73305556,-98.52472222,[Reptiles]
990,34.73305556,-98.52472222,[Reptiles]
991,34.73305556,-98.52472222,[Reptiles]
992,34.73305556,-98.52472222,[Reptiles]
993,34.73305556,-98.52472222,[Reptiles]
994,34.73305556,-98.52472222,[Reptiles]
995,34.73305556,-98.52472222,[Reptiles]
996,34.73305556,-98.52472222,[Reptiles]
997,34.73305556,-98.52472222,[Reptiles]
998,34.73305556,-98.52472222,[Reptiles]
999,34.73305556,-98.52472222,[Reptiles]
1000,34.73305556,-98.52472222,[Reptiles]
1001,34.73305556,-98.52472222,[Reptiles]
1002,34.73305556,-98.52472222,[Reptiles]
1003,34.73305556,-98.52472222,[Reptiles]
1004,34.73305556,-98.52472222,[Reptiles]
1005,34.73305556,-98.52472222,[Reptiles]
1006,34.73305556,-98.52472222,[Reptiles]
1007,34.73305556,-98.52472222,[Reptiles]
1008,34.73305556,-98.52472222,[Reptiles]
1009,34.73305556,-98.52472222,[Reptiles]
1010,34.73305556,-98.52472222,[Reptiles]
1011,34.73305556,-98.52472222,[Reptiles]
1012,34.73305556,-98.52472222,[Reptiles]
1013,34.73305556,-98.52472222,[Reptiles]
1014,34.73305556,-98.52472222,[Reptiles]
1015,34.73305556,-98.52472222,[Reptiles]
1016,34.73305556,-98.52472222,[Reptiles]
1017,34.73305556,-98.52472222,[Reptiles]
1018,34.73305556,-98.52472222,[Reptiles]
1019,34.73305556,-98.52472222,[Reptiles]
1020,34.73305556,-98.52472222,[Reptiles]
1021,34.73305556,-98.52472222,[Reptiles]
1022,34.73305556,-98.52472222,[Reptiles]
1023,34.73305556,-98.52472222,[Reptiles]
1024,34.73305556,-98.52472222,[Reptiles]
1025,34.73305556,-98.52472222,[Reptiles]
1026,34.73305556,-98.52472222,[Reptiles]
1027,34.73305556,-98.52472222,[Reptiles]
1028,34.73305556,-98.52472222,[Reptiles]
1029,34.73305556,-98.52472222,[Reptiles]
1030,34.73305556,-98.52472222,[Reptiles]
1031,34.73305556,-98.52472222,[Reptiles]
1032,34.73305556,-98.52472222,[Reptiles]
1033,34.73305556,-98.52472222,[Reptiles]
1034,34.73305556,-98.52472222,[Reptiles]
1035,34.73305556,-98.52472222,[Reptiles]
1036,34.73305556,-98.52472222,[Reptiles]
1037,34.73305556,-98.52472222,[Reptiles]
1038,34.73305556,-98.52472222,[Reptiles]
1039,34.73305556,-98.52472222,[Reptiles]
1040,34.73305556,-98.52472222,[Reptiles]
1041,34.73305556,-98.52472222,[Reptiles]
1042,34.73305556,-98.52472222,[Reptiles]
1043,34.73305556,-98.52472222,[Reptiles]
1044,34.73305556,-98.52472222,[Reptiles]
1045,34.73305556,-98.52472222,[Reptiles]
1046,34.73305556,-98.52472222,[Reptiles]
1047,34.73305556,-98.52472222,[Reptiles]
1048,34.73305556,-98.52472222,[Reptiles]
1049,34.73305556,-98.52472222,[Reptiles]
1050,34.73305556,-98.52472222,[Reptiles]
1051,34.73305556,-98.52472222,[Reptiles]
1052,34.73305556,-98.52472222,[Reptiles]
1053,34.73305556,-98.52472222,[Reptiles]
1054,34.73305556,-98.52472222,[Reptiles]
1055,34.73305556,-98.52472222,[Reptiles]
1056,34.73305556,-98.52472222,[Reptiles]
1057,34.73305556,-98.52472222,[Reptiles]
1058,34.73305556,-98.52472222,[Reptiles]
1059,34.73305556,-98.52472222,[Reptiles]
1060,34.73305556,-98.52472222,[Reptiles]
1061,34.73305556,-98.52472222,[Reptiles]
1062,34.73305556,-98.52472222,[Reptiles]
1063,34.73305556,-98.52472222,[Reptiles]
1064,34.73305556,-98.52472222,[Reptiles]
1065,34.73305556,-98.52472222,[Reptiles]
1066,34.73305556,-98.52472222,[Reptiles]
1067,34.73305556,-98.52472222,[Reptiles]
1068,34.73305556,-98.52472222,[Reptiles]
1069,34.73305556,-98.52472222,[Reptiles]
1070,34.73305556,-98.52472222,[Reptiles]
1071,34.73305556,-98.52472222,[Reptiles]
1072,34.73305556,-98.52472222,[Reptiles]
1073,34.73305556,-98.52472222,[Reptiles]
1074,34.73305556,-98.52472222,[Reptiles]
1075,34.73305556,-98.52472222,[Reptiles]
1076,34.73305556,-98.52472222,[Reptiles]
1077,34.73305556,-98.52472222,[Reptiles]
1078,34.73305556,-98.52472222,[Reptiles]
1079,34.73305556,-98.52472222,[Reptiles]
1080,34.73305556,-98.52472222,[Reptiles]
1081,34.73305556,-98.52472222,[Reptiles]
1082,34.73305556,-98.52472222,[Reptiles]
1083,34.73305556,-98.52472222,[Reptiles]
1084,34.73305556,-98.52472222,[Reptiles]
1085,34.73305556,-98.52472222,[Reptiles]
1086,34.73305556,-98.52472222,[Reptiles]
1087,34.73305556,-98.52472222,[Reptiles]
1088,34.73305556,-98.52472222,[Reptiles]
1089,34.73305556,-98.52472222,[Reptiles]
1090,34.73305556,-98.52472222,[Reptiles]
1091,34.73305556,-98.52472222,[Reptiles]
1092,34.73305556,-98.52472222,[Reptiles]
1093,34.73305556,-98.52472222,[Reptiles]
1094,34.73305556,-98.52472222,[Reptiles]
1095,34.73305556,-98.52472222,[Reptiles]
1096,34.73305556,-98.52472222,[Reptiles]
1097,34.73305556,-98.52472222,[Reptiles]
1098,34.73305556,-98.52472222,[Reptiles]
1099,34.73305556,-98.52472222,[Reptiles]
1100,34.73305556,-98.52472222,[Reptiles]
1101,34.73305556,-98.52472222,[Reptiles]
1102,34.73305556,-98.52472222,[Reptiles]
1103,34.73305556,-98.52472222,[Reptiles]
1104,34.73305556,-98.52472222,[Reptiles]
1105,34.73305556,-98.52472222,[Reptiles]
1106,34.73305556,-98.52472222,[Reptiles]
1107,34.73305556,-98.52472222,[Reptiles]
1108,34.73305556,-98.52472222,[Reptiles]
1109,34.73305556,-98.52472222,[Reptiles]
1110,34.73305556,-98.52472222,[Reptiles]
1111,34.73305556,-98.52472222,[Reptiles]
1112,34.73305556,-98.52472222,[Reptiles]
1113,34.73305556,-98.52472222,[Reptiles]
1114,34.73305556,-98.52472222,[Reptiles]
1115,34.73305556,-98.52472222,[Reptiles]
1116,34.73305556,-98.52472222,[Reptiles]
1117,34.73305556,-98.52472222,[Reptiles]
1118,34.73305556,-98.52472222,[Reptiles]
1119,34.73305556,-98.52472222,[Reptiles]
1120,34.73305556,-98.52472222,[Reptiles]
1121,34.73305556,-98.52472222,[Reptiles]
1122,34.73305556,-98.52472222,[Reptiles]
1123,34.73305556,-98.52472222,[Reptiles]
1124,34.73305556,-98.52472222,[Reptiles]
1125,34.73305556,-98.52472222,[Reptiles]
1126,34.73305556,-98.52472222,[Reptiles]
1127,34.73305556,-98.52472222,[Reptiles]
1128,34.73305556,-98.52472222,[Reptiles]
1129,34.73305556,-98.52472222,[Reptiles]
1130,34.73305556,-98.52472222,[Reptiles]
1131,34.73305556,-98.52472222,[Reptiles]
1132,34.73305556,-98.52472222,[Reptiles]
1133,34.73305556,-98.52472222,[Reptiles]
1134,34.73305556,-98.52472222,[Reptiles]
1135,34.73305556,-98.52472222,[Reptiles]
1136,34.73305556,-98.52472222,[Reptiles]
1137,34.73305556,-98.52472222,[Reptiles]
1138,34.73305556,-98.52472222,[Reptiles]
1139,34.73305556,-98.52472222,[Reptiles]
1140,34.73305556,-98.52472222,[Reptiles]
1141,34.73305556,-98.52472222,[Reptiles]
1142,34.73305556,-98.52472222,[Reptiles]
1143,34.73305556,-98.52472222,[Reptiles]
1144,34.73305556,-98.52472222,[Reptiles]
1145,34.73305556,-98.52472222,[Reptiles]
1146,34.73305556,-98.52472222,[Reptiles]
1147,34.73305556,-98.52472222,[Reptiles]
1148,34.73305556,-98.52472222,[Reptiles]
1149,34.73305556,-98.52472222,[Reptiles]
1150,34.73305556,-98.52472222,[Reptiles]
1151,34.73305556,-98.52472222,[Reptiles]
1152,34.73305556,-98.52472222,[Reptiles]
1153,34.73305556,-98.52472222,[Reptiles]
1154,34.73305556,-98.52472222,[Reptiles]
1155,34.73305556,-98.52472222,[Reptiles]
1156,34.73305556,-98.52472222,[Reptiles]
1157,34.73305556,-98.52472222,[Reptiles]
1158,34.73305556,-98.52472222,[Reptiles]
1159,34.73305556,-98.52472222,[Reptiles]
1160,34.73305556,-98.52472222,[Reptiles]
1161,34.73305556,-98.52472222,[Reptiles]
1162,34.73305556,-98.52472222,[Reptiles]
1163,34.73305556,-98.52472222,[Reptiles]
1164,34.73305556,-98.52472222,[Reptiles]
1165,34.73305556,-98.52472222,[Reptiles]
1166,34.73305556,-98.52472222,[Reptiles]
1167,34.73305556,-98.52472222,[Reptiles]
1168,34.73305556,-98.52472222,[Reptiles]
1169,34.73305556,-98.52472222,[Reptiles]
1170,34.73305556,-98.52472222,[Reptiles]
1171,34.73305556,-98.52472222,[Reptiles]
1172,34.73305556,-98.52472222,[Reptiles]
1173,34.73305556,-98.52472222,[Reptiles]
1174,34.73305556,-98.52472222,[Reptiles]
1175,34.73305556,-98.52472222,[Reptiles]
1176,34.73305556,-98.52472222,[Reptiles]
1177,34.73305556,-98.52472222,[Reptiles]
1178,34.73305556,-98.52472222,[Reptiles]
1179,34.73305556,-98.52472222,[Reptiles]
1180,34.73305556,-98.52472222,[Reptiles]
1181,34.73305556,-98.52472222,[Reptiles]
1182,34.73305556,-98.52472222,[Reptiles]
1183,34.73305556,-98.52472222,[Reptiles]
1184,34.73305556,-98.52472222,[Reptiles]
1185,34.73305556,-98.52472222,[Reptiles]
1186,34.73305556,-98.52472222,[Reptiles]
1187,34.73305556,-98.52472222,[Reptiles]
1188,34.73305556,-98.52472222,[Reptiles]
1189,34.73305556,-98.52472222,[Reptiles]
1190,34.73305556,-98.52472222,[Reptiles]
1191,34.73305556,-98.52472222,[Reptiles]
1192,34.73305556,-98.52472222,[Reptiles]
1193,34.73305556,-98.52472222,[Reptiles]
1194,34.73305556,-98.52472222,[Reptiles]
1195,34.73305556,-98.52472222,[Reptiles]
1196,34.73305556,-98.52472222,[Reptiles]
1197,34.73305556,-98.52472222,[Reptiles]
1198,34.73305556,-98.52472222,[Reptiles]
1199,34.73305556,-98.52472222,[Reptiles]
1200,34.73305556,-98.52472222,[Reptiles]
1201,34.73305556,-98.52472222,[Reptiles]
1202,34.73305556,-98.52472222,[Reptiles]
1203,34.73305556,-98.52472222,[Reptiles]
1204,34.73305556,-98.52472222,[Reptiles]
1205,34.73305556,-98.52472222,[Reptiles]
1206,34.73305556,-98.52472222,[Reptiles]
1207,34.73305556,-98.52472222,[Reptiles]
1208,34.73305556,-98.52472222,[Reptiles]
1209,34.73305556,-98.52472222,[Reptiles]
1210,34.73305556,-98.52472222,[Reptiles]
1211,34.73305556,-98.52472222,[Reptiles]
1212,34.73305556,-98.52472222,[Reptiles]
1213,34.73305556,-98.52472222,[Reptiles]
1214,34.73305556,-98.52472222,[Reptiles]
1215,34.73305556,-98.52472222,[Reptiles]
1216,34.73305556,-98.52472222,[Reptiles]
1217,34.73305556,-98.52472222,[Reptiles]
1218,34.73305556,-98.52472222,[Reptiles]
1219,34.73305556,-98.52472222,[Reptiles]
1220,34.73305556,-98.52472222,[Reptiles]
1221,34.73305556,-98.52472222,[Reptiles]
1222,34.73305556,-98.52472222,[Reptiles]
1223,34.73305556,-98.52472222,[Reptiles]
1224,34.73305556,-98.52472222,[Reptiles]
1225,34.73305556,-98.52472222,[Reptiles]
1226,34.73305556,-98.52472222,[Reptiles]
1227,34.73305556,-98.52472222,[Reptiles]
1228,34.73305556,-98.52472222,[Reptiles]
1229,34.73305556,-98.52472222,[Reptiles]
1230,34.73305556,-98.52472222,[Reptiles]
1231,34.73305556,-98.52472222,[Reptiles]
1232,34.73305556,-98.52472222,[Reptiles]
1233,34.73305556,-98.52472222,[Reptiles]
1234,34.73305556,-98.52472222,[Reptiles]
1235,34.73305556,-98.52472222,[Reptiles]
1236,34.73305556,-98.52472222,[Reptiles]
1237,34.73305556,-98.52472222,[Reptiles]
1238,34.73305556,-98.52472222,[Reptiles]
1239,34.73305556,-98.52472222,[Reptiles]
1240,34.73305556,-98.52472222,[Reptiles]
1241,34.73305556,-98.52472222,[Reptiles]
1242,34.73305556,-98.52472222,[Reptiles]
1243,34.73305556,-98.52472222,[Reptiles]
1244,34.73305556,-98.52472222,[Reptiles]
1245,34.73305556,-98.52472222,[Reptiles]
1246,34.73305556,-98.52472222,[Reptiles]
1247,34.73305556,-98.52472222,[Reptiles]
1248,34.73305556,-98.52472222,[Reptiles]
1249,34.73305556,-98.52472222,[Reptiles]
1250,34.73305556,-98.52472222,[Reptiles]
1251,34.73305556,-98.52472222,[Reptiles]
1252,34.73305556,-98.52472222,[Reptiles]
1253,34.73305556,-98.52472222,[Reptiles]
1254,34.73305556,-98.52472222,[Reptiles]
1255,34.73305556,-98.52472222,[Reptiles]
1256,34.73305556,-98.52472222,[Reptiles]
1257,34.73305556,-98.52472222,[Reptiles]
1258,34.73305556,-98.52472222,[Reptiles]
1259,34.73305556,-98.52472222,[Reptiles]
1260,34.73305556,-98.52472222,[Reptiles]
1261,34.73305556,-98.52472222,[Reptiles]
1262,34.73305556,-98.52472222,[Reptiles]
1263,34.73305556,-98.52472222,[Reptiles]
1264,34.73305556,-98.52472222,[Reptiles]
1265,34.73305556,-98.52472222,[Reptiles]
1266,34.73305556,-98.52472222,[Reptiles]
1267,34.73305556,-98.52472222,[Reptiles]
1268,34.73305556,-98.52472222,[Reptiles]
1269,34.73305556,-98.52472222,[Reptiles]
1270,34.73305556,-98.52472222,[Reptiles]
1271,34.73305556,-98.52472222,[Reptiles]
1272,34.73305556,-98.52472222,[Reptiles]
1273,34.73305556,-98.52472222,[Reptiles]
1274,34.73305556,-98.52472222,[Reptiles]
1275,34.73305556,-98.52472222,[Reptiles]
1276,34.73305556,-98.52472222,[Reptiles]
1277,34.73305556,-98.52472222,[Reptiles]
1278,34.73305556,-98.52472222,[Reptiles]
1279,34.73305556,-98.52472222,[Reptiles]
1280,34.73305556,-98.52472222,[Reptiles]
1281,34.73305556,-98.52472222,[Reptiles]
1282,34.73305556,-98.52472222,[Reptiles]
1283,34.73305556,-98.52472222,[Reptiles]
1284,34.73305556,-98.52472222,[Reptiles]
1285,34.73305556,-98.52472222,[Reptiles]
1286,34.73305556,-98.52472222,[Reptiles]
1287,34.73305556,-98.52472222,[Reptiles]
1288,34.73305556,-98.52472222,[Reptiles]
1289,34.73305556,-98.52472222,[Reptiles]
1290,34.73305556,-98.52472222,[Reptiles]
1291,34.73305556,-98.52472222,[Reptiles]
1292,34.73305556,-98.52472222,[Reptiles]
1293,34.73305556,-98.52472222,[Reptiles]
1294,34.73305556,-98.52472222,[Reptiles]
1295,34.73305556,-98.52472222,[Reptiles]
1296,34.73305556,-98.52472222,[Reptiles]
1297,34.73305556,-98.52472222,[Reptiles]
1298,34.73305556,-98.52472222,[Reptiles]
1299,34.73305556,-98.52472222,[Reptiles]
1300,34.73305556,-98.52472222,[Reptiles]
1301,34.73305556,-98.52472222,[Reptiles]
1302,34.73305556,-98.52472222,[Reptiles]
1303,34.73305556,-98.52472222,[Reptiles]
1304,34.73305556,-98.52472222,[Reptiles]
1305,34.73305556,-98.52472222,[Reptiles]
1306,34.73305556,-98.52472222,[Reptiles]
1307,34.73305556,-98.52472222,[Reptiles]
1308,34.73305556,-98.52472222,[Reptiles]
1309,34.73305556,-98.52472222,[Reptiles]
1310,34.73305556,-98.52472222,[Reptiles]
1311,34.73305556,-98.52472222,[Reptiles]
1312,34.73305556,-98.52472222,[Reptiles]
1313,34.73305556,-98.52472222,[Reptiles]
1314,34.73305556,-98.52472222,[Reptiles]
1315,34.73305556,-98.52472222,[Reptiles]
1316,34.73305556,-98.52472222,[Reptiles]
1317,34.73305556,-98.52472222,[Reptiles]
1318,34.73305556,-98.52472222,[Reptiles]
1319,34.73305556,-98.52472222,[Reptiles]
1320,34.73305556,-98.52472222,[Reptiles]
1321,34.73305556,-98.52472222,[Reptiles]
1322,34.73305556,-98.52472222,[Reptiles]
1323,34.73305556,-98.52472222,[Reptiles]
1324,34.73305556,-98.52472222,[Reptiles]
1325,34.73305556,-98.52472222,[Reptiles]
1326,34.73305556,-98.52472222,[Reptiles]
1327,34.73305556,-98.52472222,[Reptiles]
1328,34.73305556,-98.52472222,[Reptiles]
1329,34.73305556,-98.52472222,[Reptiles]
1330,34.73305556,-98.52472222,[Reptiles]
1331,34.73305556,-98.52472222,[Reptiles]
1332,34.73305556,-98.52472222,[Reptiles]
1333,34.73305556,-98.52472222,[Reptiles]
1334,34.73305556,-98.52472222,[Reptiles]
1335,34.73305556,-98.52472222,[Reptiles]
1336,34.73305556,-98.52472222,[Reptiles]
1337,34.73305556,-98.52472222,[Reptiles]
1338,34.73305556,-98.52472222,[Reptiles]
1339,34.73305556,-98.52472222,[Reptiles]
1340,34.73305556,-98.52472222,[Reptiles]
1341,34.73305556,-98.52472222,[Reptiles]
1342,34.73305556,-98.52472222,[Reptiles]
1343,34.73305556,-98.52472222,[Reptiles]
1344,34.73305556,-98.52472222,[Reptiles]
1345,34.73305556,-98.52472222,[Reptiles]
1346,34.73305556,-98.52472222,[Reptiles]
1347,34.73305556,-98.52472222,[Reptiles]
1348,34.73305556,-98.52472222,[Reptiles]
1349,34.73305556,-98.52472222,[Reptiles]
1350,34.73305556,-98.52472222,[Reptiles]
1351,34.73305556,-98.52472222,[Reptiles]
1352,34.73305556,-98.52472222,[Reptiles]
1353,34.73305556,-98.52472222,[Reptiles]
1354,34.73305556,-98.52472222,[Reptiles]
1355,34.73305556,-98.52472222,[Reptiles]
1356,34.73305556,-98.52472222,[Reptiles]
1357,34.73305556,-98.52472222,[Reptiles]
1358,34.73305556,-98.52472222,[Reptiles]
1359,34.73305556,-98.52472222,[Reptiles]
1360,34.73305556,-98.52472222,[Reptiles]
1361,34.73305556,-98.52472222,[Reptiles]
1362,34.73305556,-98.52472222,[Reptiles]
1363,34.73305556,-98.52472222,[Reptiles]
1364,34.73305556,-98.52472222,[Reptiles]
1365,34.73305556,-98.52472222,[Reptiles]
1366,34.73305556,-98.52472222,[Reptiles]
1367,34.73305556,-98.52472222,[Reptiles]
1368,34.73305556,-98.52472222,[Reptiles]
1369,34.73305556,-98.52472222,[Reptiles]
1370,34.73305556,-98.52472222,[Reptiles]
1371,34.73305556,-98.52472222,[Reptiles]
1372,34.73305556,-98.52472222,[Reptiles]
1373,34.73305556,-98.52472222,[Reptiles]
1374,34.73305556,-98.52472222,[Reptiles]
1375,34.73305556,-98.52472222,[Reptiles]
1376,34.73305556,-98.52472222,[Reptiles]
1377,34.73305556,-98.52472222,[Reptiles]
1378,34.73305556,-98.52472222,[Reptiles]
1379,34.73305556,-98.52472222,[Reptiles]
1380,34.73305556,-98.52472222,[Reptiles]
1381,34.73305556,-98.52472222,[Reptiles]
1382,34.73305556,-98.52472222,[Reptiles]
1383,34.73305556,-98.52472222,[Reptiles]
1384,34.73305556,-98.52472222,[Reptiles]
1385,34.73305556,-98.52472222,[Reptiles]
1386,34.73305556,-98.52472222,[Reptiles]
1387,34.73305556,-98.52472222,[Reptiles]
1388,34.73305556,-98.52472222,[Reptiles]
1389,34.73305556,-98.52472222,[Reptiles]
1390,34.73305556,-98.52472222,[Reptiles]
1391,34.73305556,-98.52472222,[Reptiles]
1392,34.73305556,-98.52472222,[Reptiles]
1393,34.73305556,-98.52472222,[Reptiles]
1394,34.73305556,-98.52472222,[Reptiles]
1395,34.73305556,-98.52472222,[Reptiles]
1396,34.73305556,-98.52472222,[Reptiles]
1397,34.73305556,-98.52472222,[Reptiles]
1398,34.73305556,-98.52472222,[Reptiles]
1399,34.73305556,-98.52472222,[Reptiles]
1400,34.73305556,-98.52472222,[Reptiles]
1401,34.73305556,-98.52472222,[Reptiles]
1402,34.73305556,-98.52472222,[Reptiles]
1403,34.73305556,-98.52472222,[Reptiles]
1404,34.73305556,-98.52472222,[Reptiles]
1405,34.73305556,-98.52472222,[Reptiles]
1406,34.73305556,-98.52472222,[Reptiles]
1407,34.73305556,-98.52472222,[Reptiles]
1408,34.73305556,-98.52472222,[Reptiles]
1409,34.73305556,-98.52472222,[Reptiles]
1410,34.73305556,-98.52472222,[Reptiles]
1411,34.73305556,-98.52472222,[Reptiles]
1412,34.73305556,-98.52472222,[Reptiles]
1413,34.73305556,-98.52472222,[Reptiles]
1414,34.73305556,-98.52472222,[Reptiles]
1415,34.73305556,-98.52472222,[Reptiles]
1416,34.73305556,-98.52472222,[Reptiles]
1417,34.73305556,-98.52472222,[Reptiles]
1418,34.73305556,-98.52472222,[Reptiles]
1419,34.73305556,-98.52472222,[Reptiles]
1420,34.73305556,-98.52472222,[Reptiles]
1421,34.73305556,-98.52472222,[Reptiles]
1422,34.73305556,-98.52472222,[Reptiles]
1423,34.73305556,-98.52472222,[Reptiles]
1424,34.73305556,-98.52472222,[Reptiles]
1425,34.73305556,-98.52472222,[Reptiles]
1426,34.73305556,-98.52472222,[Reptiles]
1427,34.73305556,-98.52472222,[Reptiles]
1428,34.73305556,-98.52472222,[Reptiles]
1429,34.73305556,-98.52472222,[Reptiles]
1430,34.73305556,-98.52472222,[Reptiles]
1431,34.73305556,-98.52472222,[Reptiles]
1432,34.73305556,-98.52472222,[Reptiles]
1433,34.73305556,-98.52472222,[Reptiles]
1434,34.73305556,-98.52472222,[Reptiles]
1435,34.73305556,-98.52472222,[Reptiles]
1436,34.73305556,-98.52472222,[Reptiles]
1437,34.73305556,-98.52472222,[Reptiles]
1438,34.73305556,-98.52472222,[Reptiles]
1439,34.73305556,-98.52472222,[Reptiles]
1440,34.73305556,-98.52472222,[Reptiles]
1441,34.73305556,-98.52472222,[Reptiles]
1442,34.73305556,-98.52472222,[Reptiles]
1443,34.73305556,-98.52472222,[Reptiles]
1444,34.73305556,-98.52472222,[Reptiles]
1445,34.73305556,-98.52472222,[Reptiles]
1446,34.73305556,-98.52472222,[Reptiles]
1447,34.73305556,-98.52472222,[Reptiles]
1448,34.73305556,-98.52472222,[Reptiles]
1449,34.73305556,-98.52472222,[Reptiles]
1450,34.73305556,-98.52472222,[Reptiles]
1451,34.73305556,-98.52472222,[Reptiles]
1452,34.73305556,-98.52472222,[Reptiles]
1453,34.73305556,-98.52472222,[Reptiles]
1454,34.73305556,-98.52472222,[Reptiles]
1455,34.73305556,-98.52472222,[Reptiles]
1456,34.73305556,-98.52472222,[Reptiles]
1457,34.73305556,-98.52472222,[Reptiles]
1458,34.73305556,-98.52472222,[Reptiles]
1459,34.73305556,-98.52472222,[Reptiles]
1460,34.73305556,-98.52472222,[Reptiles]
1461,34.73305556,-98.52472222,[Reptiles]
1462,34.73305556,-98.52472222,[Reptiles]
1463,34.73305556,-98.52472222,[Reptiles]
1464,34.73305556,-98.52472222,[Reptiles]
1465,34.73305556,-98.52472222,[Reptiles]
1466,34.73305556,-98.52472222,[Reptiles]
1467,34.73305556,-98.52472222,[Reptiles]
1468,34.73305556,-98.52472222,[Reptiles]
1469,34.73305556,-98.52472222,[Reptiles]
1470,34.73305556,-98.52472222,[Reptiles]
1471,34.73305556,-98.52472222,[Reptiles]
1472,34.73305556,-98.52472222,[Reptiles]
1473,34.73305556,-98.52472222,[Reptiles]
1474,34.73305556,-98.52472222,[Reptiles]
1475,34.73305556,-98.52472222,[Reptiles]
1476,34.73305556,-98.52472222,[Reptiles]
1477,34.73305556,-98.52472222,[Reptiles]
1478,34.73305556,-98.52472222,[Reptiles]
1479,34.73305556,-98.52472222,[Reptiles]
1480,34.73305556,-98.52472222,[Reptiles]
1481,34.73305556,-98.52472222,[Reptiles]
1482,34.73305556,-98.52472222,[Reptiles]
1483,34.73305556,-98.52472222,[Reptiles]
1484,34.73305556,-98.52472222,[Reptiles]
1485,34.73305556,-98.52472222,[Reptiles]
1486,34.73305556,-98.52472222,[Reptiles]
1487,34.73305556,-98.52472222,[Reptiles]
1488,34.73305556,-98.52472222,[Reptiles]
1489,34.73305556,-98.52472222,[Reptiles]
1490,34.73305556,-98.52472222,[Reptiles]
1491,34.73305556,-98.52472222,[Reptiles]
1492,34.73305556,-98.52472222,[Reptiles]
1493,34.73305556,-98.52472222,[Reptiles]
1494,34.73305556,-98.52472222,[Reptiles]
1495,34.73305556,-98.52472222,[Reptiles]
1496,34.73305556,-98.52472222,[Reptiles]
1497,34.73305556,-98.52472222,[Reptiles]
1498,34.73305556,-98.52472222,[Reptiles]
1499,34.73305556,-98.52472222,[Reptiles]
1500,34.73305556,-98.52472222,[Reptiles]
1501,34.73305556,-98.52472222,[Reptiles]
1502,34.73305556,-98.52472222,[Reptiles]
1503,34.73305556,-98.52472222,[Reptiles]
1504,34.73305556,-98.52472222,[Reptiles]
1505,34.73305556,-98.52472222,[Reptiles]
1506,34.73305556,-98.52472222,[Reptiles]
1507,34.73305556,-98.52472222,[Reptiles]
1508,34.73305556,-98.52472222,[Reptiles]
1509,34.73305556,-98.52472222,[Reptiles]
1510,34.73305556,-98.52472222,[Reptiles]
1511,34.73305556,-98.52472222,[Reptiles]
1512,34.73305556,-98.52472222,[Reptiles]
1513,34.73305556,-98.52472222,[Reptiles]
1514,34.73305556,-98.52472222,[Reptiles]
1515,34.73305556,-98.52472222,[Reptiles]
1516,34.73305556,-98.52472222,[Reptiles]
1517,34.73305556,-98.52472222,[Reptiles]
1518,34.73305556,-98.52472222,[Reptiles]
1519,34.73305556,-98.52472222,[Reptiles]
1520,34.73305556,-98.52472222,[Reptiles]
1521,34.73305556,-98.52472222,[Reptiles]
1522,34.73305556,-98.52472222,[Reptiles]
1523,34.73305556,-98.52472222,[Reptiles]
1524,34.73305556,-98.52472222,[Reptiles]
1525,34.73305556,-98.52472222,[Reptiles]
1526,34.73305556,-98.52472222,[Reptiles]
1527,34.73305556,-98.52472222,[Reptiles]
1528,34.73305556,-98.52472222,[Reptiles]
1529,34.73305556,-98.52472222,[Reptiles]
1530,34.73305556,-98.52472222,[Reptiles]
1531,34.73305556,-98.52472222,[Reptiles]
1532,34.73305556,-98.52472222,[Reptiles]
1533,34.73305556,-98.52472222,[Reptiles]
1534,34.73305556,-98.52472222,[Reptiles]
1535,34.73305556,-98.52472222,[Reptiles]
1536,34.73305556,-98.52472222,[Reptiles]
1537,34.73305556,-98.52472222,[Reptiles]
1538,34.73305556,-98.52472222,[Reptiles]
1539,34.73305556,-98.52472222,[Reptiles]
1540,34.73305556,-98.52472222,[Reptiles]
1541,34.73305556,-98.52472222,[Reptiles]
1542,34.73305556,-98.52472222,[Reptiles]
1543,34.73305556,-98.52472222,[Reptiles]
1544,34.73305556,-98.52472222,[Reptiles]
1545,34.73305556,-98.52472222,[Reptiles]
1546,34.73305556,-98.52472222,[Reptiles]
1547,34.73305556,-98.52472222,[Reptiles]
1548,34.73305556,-98.52472222,[Reptiles]
1549,34.73305556,-98.52472222,[Reptiles]
1550,34.73305556,-98.52472222,[Reptiles]
1551,34.73305556,-98.52472222,[Reptiles]
1552,34.73305556,-98.52472222,[Reptiles]
1553,34.73305556,-98.52472222,[Reptiles]
1554,34.73305556,-98.52472222,[Reptiles]
1555,34.73305556,-98.52472222,[Reptiles]
1556,34.73305556,-98.52472222,[Reptiles]
1557,34.73305556,-98.52472222,[Reptiles]
1558,34.73305556,-98.52472222,[Reptiles]
1559,34.73305556,-98.52472222,[Reptiles]
1560,34.73305556,-98.52472222,[Reptiles]
1561,34.73305556,-98.52472222,[Reptiles]
1562,34.73305556,-98.52472222,[Reptiles]
1563,34.73305556,-98.52472222,[Reptiles]
1564,34.73305556,-98.52472222,[Reptiles]
1565,34.73305556,-98.52472222,[Reptiles]
1566,34.73305556,-98.52472222,[Reptiles]
1567,34.73305556,-98.52472222,[Reptiles]
1568,34.73305556,-98.52472222,[Reptiles]
1569,34.73305556,-98.52472222,[Reptiles]
1570,34.73305556,-98.52472222,[Reptiles]
1571,34.73305556,-98.52472222,[Reptiles]
1572,34.73305556,-98.52472222,[Reptiles]
1573,34.73305556,-98.52472222,[Reptiles]
1574,34.73305556,-98.52472222,[Reptiles]
1575,34.73305556,-98.52472222,[Reptiles]
1576,34.73305556,-98.52472222,[Reptiles]
1577,34.73305556,-98.52472222,[Reptiles]
1578,34.73305556,-98.52472222,[Reptiles]
1579,34.73305556,-98.52472222,[Reptiles]
1580,34.73305556,-98.52472222,[Reptiles]
1581,34.73305556,-98.52472222,[Reptiles]
1582,34.73305556,-98.52472222,[Reptiles]
1583,34.73305556,-98.52472222,[Reptiles]
1584,34.73305556,-98.52472222,[Reptiles]
1585,34.73305556,-98.52472222,[Reptiles]
1586,34.73305556,-98.52472222,[Reptiles]
1587,34.73305556,-98.52472222,[Reptiles]
1588,34.73305556,-98.52472222,[Reptiles]
1589,34.73305556,-98.52472222,[Reptiles]
1590,34.73305556,-98.52472222,[Reptiles]
1591,34.73305556,-98.52472222,[Reptiles]
1592,34.73305556,-98.52472222,[Reptiles]
1593,34.73305556,-98.52472222,[Reptiles]
1594,34.73305556,-98.52472222,[Reptiles]
1595,34.73305556,-98.52472222,[Reptiles]
1596,34.73305556,-98.52472222,[Reptiles]
1597,34.73305556,-98.52472222,[Reptiles]
1598,34.73305556,-98.52472222,[Reptiles]
1599,34.73305556,-98.52472222,[Reptiles]
1600,34.73305556,-98.52472222,[Reptiles]
1601,34.73305556,-98.52472222,[Reptiles]
1602,34.73305556,-98.52472222,[Reptiles]
1603,34.73305556,-98.52472222,[Reptiles]
1604,34.73305556,-98.52472222,[Reptiles]
1605,34.73305556,-98.52472222,[Reptiles]
1606,34.73305556,-98.52472222,[Reptiles]
1607,34.73305556,-98.52472222,[Reptiles]
1608,34.73305556,-98.52472222,[Reptiles]
1609,34.73305556,-98.52472222,[Reptiles]
1610,34.73305556,-98.52472222,[Reptiles]
1611,34.73305556,-98.52472222,[Reptiles]
1612,34.73305556,-98.52472222,[Reptiles]
1613,34.73305556,-98.52472222,[Reptiles]
1614,34.73305556,-98.52472222,[Reptiles]
1615,34.73305556,-98.52472222,[Reptiles]
1616,34.73305556,-98.52472222,[Reptiles]
1617,34.73305556,-98.52472222,[Reptiles]
1618,34.73305556,-98.52472222,[Reptiles]
1619,34.73305556,-98.52472222,[Reptiles]
1620,34.73305556,-98.52472222,[Reptiles]
1621,34.73305556,-98.52472222,[Reptiles]
1622,34.73305556,-98.52472222,[Reptiles]
1623,34.73305556,-98.52472222,[Reptiles]
1624,34.73305556,-98.52472222,[Reptiles]
1625,34.73305556,-98.52472222,[Reptiles]
1626,34.73305556,-98.52472222,[Reptiles]
1627,34.73305556,-98.52472222,[Reptiles]
1628,34.73305556,-98.52472222,[Reptiles]
1629,34.73305556,-98.52472222,[Reptiles]
1630,34.73305556,-98.52472222,[Reptiles]
1631,34.73305556,-98.52472222,[Reptiles]
1632,34.73305556,-98.52472222,[Reptiles]
1633,34.73305556,-98.52472222,[Reptiles]
1634,34.73305556,-98.52472222,[Reptiles]
1635,34.73305556,-98.52472222,[Reptiles]
1636,34.73305556,-98.52472222,[Reptiles]
1637,34.73305556,-98.52472222,[Reptiles]
1638,34.73305556,-98.52472222,[Reptiles]
1639,34.73305556,-98.52472222,[Reptiles]
1640,34.73305556,-98.52472222,[Reptiles]
1641,34.73305556,-98.52472222,[Reptiles]
1642,34.73305556,-98.52472222,[Reptiles]
1643,34.73305556,-98.52472222,[Reptiles]
1644,34.73305556,-98.52472222,[Reptiles]
1645,34.73305556,-98.52472222,[Reptiles]
1646,34.73305556,-98.52472222,[Reptiles]
1647,34.73305556,-98.52472222,[Reptiles]
1648,34.73305556,-98.52472222,[Reptiles]
1649,34.73305556,-98.52472222,[Reptiles]
1650,34.73305556,-98.52472222,[Reptiles]
1651,34.73305556,-98.52472222,[Reptiles]
1652,34.73305556,-98.52472222,[Reptiles]
1653,34.73305556,-98.52472222,[Reptiles]
1654,34.73305556,-98.52472222,[Reptiles]
1655,34.73305556,-98.52472222,[Reptiles]
1656,34.73305556,-98.52472222,[Reptiles]
1657,34.73305556,-98.52472222,[Reptiles]
1658,34.73305556,-98.52472222,[Reptiles]
1659,34.73305556,-98.52472222,[Reptiles]
1660,34.73305556,-98.52472222,[Reptiles]
1661,34.73305556,-98.52472222,[Reptiles]
1662,34.73305556,-98.52472222,[Reptiles]
1663,34.73305556,-98.52472222,[Reptiles]
1664,34.73305556,-98.52472222,[Reptiles]
1665,34.73305556,-98.52472222,[Reptiles]
1666,34.73305556,-98.52472222,[Reptiles]
1667,34.73305556,-98.52472222,[Reptiles]
1668,34.73305556,-98.52472222,[Reptiles]
1669,34.73305556,-98.52472222,[Reptiles]
1670,34.73305556,-98.52472222,[Reptiles]
1671,34.73305556,-98.52472222,[Reptiles]
1672,34.73305556,-98.52472222,[Reptiles]
1673,34.73305556,-98.52472222,[Reptiles]
1674,34.73305556,-98.52472222,[Reptiles]
1675,34.73305556,-98.52472222,[Reptiles]
1676,34.73305556,-98.52472222,[Reptiles]
1677,34.73305556,-98.52472222,[Reptiles]
1678,34.73305556,-98.52472222,[Reptiles]
1679,34.73305556,-98.52472222,[Reptiles]
1680,34.73305556,-98.52472222,[Reptiles]
1681,34.73305556,-98.52472222,[Reptiles]
1682,34.73305556,-98.52472222,[Reptiles]
1683,34.73305556,-98.52472222,[Reptiles]
1684,34.73305556,-98.52472222,[Reptiles]
1685,34.73305556,-98.52472222,[Reptiles]
1686,34.73305556,-98.52472222,[Reptiles]
1687,34.73305556,-98.52472222,[Reptiles]
1688,34.73305556,-98.52472222,[Reptiles]
1689,34.73305556,-98.52472222,[Reptiles]
1690,34.73305556,-98.52472222,[Reptiles]
1691,34.73305556,-98.52472222,[Reptiles]
1692,34.73305556,-98.52472222,[Reptiles]
1693,34.73305556,-98.52472222,[Reptiles]
1694,34.73305556,-98.52472222,[Reptiles]
1695,34.73305556,-98.52472222,[Reptiles]
1696,34.73305556,-98.52472222,[Reptiles]
1697,34.73305556,-98.52472222,[Reptiles]
1698,34.73305556,-98.52472222,[Reptiles]
1699,34.73305556,-98.52472222,[Reptiles]
1700,34.73305556,-98.52472222,[Reptiles]
1701,34.73305556,-98.52472222,[Reptiles]
1702,34.73305556,-98.52472222,[Reptiles]
1703,34.73305556,-98.52472222,[Reptiles]
1704,34.73305556,-98.52472222,[Reptiles]
1705,34.73305556,-98.52472222,[Reptiles]
1706,34.73305556,-98.52472222,[Reptiles]
1707,34.73305556,-98.52472222,[Reptiles]
1708,34.73305556,-98.52472222,[Reptiles]
1709,34.73305556,-98.52472222,[Reptiles]
1710,34.73305556,-98.52472222,[Reptiles]
1711,34.73305556,-98.52472222,[Reptiles]
1712,34.73305556,-98.52472222,[Reptiles]
1713,34.73305556,-98.52472222,[Reptiles]
1714,34.73305556,-98.52472222,[Reptiles]
1715,34.73305556,-98.52472222,[Reptiles]
1716,34.73305556,-98.52472222,[Reptiles]
1717,34.73305556,-98.52472222,[Reptiles]
1718,34.73305556,-98.52472222,[Reptiles]
1719,34.73305556,-98.52472222,[Reptiles]
1720,34.73305556,-98.52472222,[Reptiles]
1721,34.73305556,-98.52472222,[Reptiles]
1722,34.73305556,-98.52472222,[Reptiles]
1723,34.73305556,-98.52472222,[Reptiles]
1724,34.73305556,-98.52472222,[Reptiles]
1725,34.73305556,-98.52472222,[Reptiles]
1726,34.73305556,-98.52472222,[Reptiles]
1727,34.73305556,-98.52472222,[Reptiles]
1728,34.73305556,-98.52472222,[Reptiles]
1729,34.73305556,-98.52472222,[Reptiles]
1730,34.73305556,-98.52472222,[Reptiles]
1731,34.73305556,-98.52472222,[Reptiles]
1732,34.73305556,-98.52472222,[Reptiles]
1733,34.73305556,-98.52472222,[Reptiles]
1734,34.73305556,-98.52472222,[Reptiles]
1735,34.73305556,-98.52472222,[Reptiles]
1736,34.73305556,-98.52472222,[Reptiles]
1737,34.73305556,-98.52472222,[Reptiles]
1738,34.73305556,-98.52472222,[Reptiles]
1739,34.73305556,-98.52472222,[Reptiles]
1740,34.73305556,-98.52472222,[Reptiles]
1741,34.73305556,-98.52472222,[Reptiles]
1742,34.73305556,-98.52472222,[Reptiles]
1743,34.73305556,-98.52472222,[Reptiles]
1744,34.73305556,-98.52472222,[Reptiles]
1745,34.73305556,-98.52472222,[Reptiles]
1746,34.73305556,-98.52472222,[Reptiles]
1747,34.73305556,-98.52472222,[Reptiles]
1748,34.73305556,-98.52472222,[Reptiles]
1749,34.73305556,-98.52472222,[Reptiles]
1750,34.73305556,-98.52472222,[Reptiles]
1751,34.73305556,-98.52472222,[Reptiles]
1752,34.73305556,-98.52472222,[Reptiles]
1753,34.73305556,-98.52472222,[Reptiles]
1754,34.73305556,-98.52472222,[Reptiles]
1755,34.73305556,-98.52472222,[Reptiles]
1756,34.73305556,-98.52472222,[Reptiles]
1757,34.73305556,-98.52472222,[Reptiles]
1758,34.73305556,-98.52472222,[Reptiles]
1759,34.73305556,-98.52472222,[Reptiles]
1760,34.73305556,-98.52472222,[Reptiles]
1761,34.73305556,-98.52472222,[Reptiles]
1762,34.73305556,-98.52472222,[Reptiles]
1763,34.73305556,-98.52472222,[Reptiles]
1764,34.73305556,-98.52472222,[Reptiles]
1765,34.73305556,-98.52472222,[Reptiles]
1766,34.73305556,-98.52472222,[Reptiles]
1767,34.73305556,-98.52472222,[Reptiles]
1768,34.73305556,-98.52472222,[Reptiles]
1769,34.73305556,-98.52472222,[Reptiles]
1770,34.73305556,-98.52472222,[Reptiles]
1771,34.73305556,-98.52472222,[Reptiles]
1772,34.73305556,-98.52472222,[Reptiles]
1773,34.73305556,-98.52472222,[Reptiles]
1774,34.73305556,-98.52472222,[Reptiles]
1775,34.73305556,-98.52472222,[Reptiles]
1776,34.73305556,-98.52472222,[Reptiles]
1777,34.73305556,-98.52472222,[Reptiles]
1778,34.73305556,-98.52472222,[Reptiles]
1779,34.73305556,-98.52472222,[Reptiles]
1780,34.73305556,-98.52472222,[Reptiles]
1781,34.73305556,-98.52472222,[Reptiles]
1782,34.73305556,-98.52472222,[Reptiles]
1783,34.73305556,-98.52472222,[Reptiles]
1784,34.73305556,-98.52472222,[Reptiles]
1785,34.73305556,-98.52472222,[Reptiles]
1786,34.73305556,-98.52472222,[Reptiles]
1787,34.73305556,-98.52472222,[Reptiles]
1788,34.73305556,-98.52472222,[Reptiles]
1789,34.73305556,-98.52472222,[Reptiles]
1790,34.73305556,-98.52472222,[Reptiles]
1791,34.73305556,-98.52472222,[Reptiles]
1792,34.73305556,-98.52472222,[Reptiles]
1793,34.73305556,-98.52472222,[Reptiles]
1794,34.73305556,-98.52472222,[Reptiles]
1795,34.73305556,-98.52472222,[Reptiles]
1796,34.73305556,-98.52472222,[Reptiles]
1797,34.73305556,-98.52472222,[Reptiles]
1798,34.73305556,-98.52472222,[Reptiles]
1799,34.73305556,-98.52472222,[Reptiles]
1800,34.73305556,-98.52472222,[Reptiles]
1801,34.73305556,-98.52472222,[Reptiles]
1802,34.73305556,-98.52472222,[Reptiles]
1803,34.73305556,-98.52472222,[Reptiles]
1804,34.73305556,-98.52472222,[Reptiles]
1805,34.73305556,-98.52472222,[Reptiles]
1806,34.73305556,-98.52472222,[Reptiles]
1807,34.73305556,-98.52472222,[Reptiles]
1808,34.73305556,-98.52472222,[Reptiles]
1809,34.73305556,-98.52472222,[Reptiles]
1810,34.73305556,-98.52472222,[Reptiles]
1811,34.73305556,-98.52472222,[Reptiles]
1812,34.73305556,-98.52472222,[Reptiles]
1813,34.73305556,-98.52472222,[Reptiles]
1814,34.73305556,-98.52472222,[Reptiles]
1815,34.73305556,-98.52472222,[Reptiles]
1816,34.73305556,-98.52472222,[Reptiles]
1817,34.73305556,-98.52472222,[Reptiles]
1818,34.73305556,-98.52472222,[Reptiles]
1819,34.73305556,-98.52472222,[Reptiles]
1820,34.73305556,-98.52472222,[Reptiles]
1821,34.73305556,-98.52472222,[Reptiles]
1822,34.73305556,-98.52472222,[Reptiles]
1823,34.73305556,-98.52472222,[Reptiles]
1824,34.73305556,-98.52472222,[Reptiles]
1825,34.73305556,-98.52472222,[Reptiles]
1826,34.73305556,-98.52472222,[Reptiles]
1827,34.73305556,-98.52472222,[Reptiles]
1828,34.73305556,-98.52472222,[Reptiles]
1829,34.73305556,-98.52472222,[Reptiles]
1830,34.73305556,-98.52472222,[Reptiles]
1831,34.73305556,-98.52472222,[Reptiles]
1832,34.73305556,-98.52472222,[Reptiles]
1833,34.73305556,-98.52472222,[Reptiles]
1834,34.73305556,-98.52472222,[Reptiles]
1835,34.73305556,-98.52472222,[Reptiles]
1836,34.73305556,-98.52472222,[Reptiles]
1837,34.73305556,-98.52472222,[Reptiles]
1838,34.73305556,-98.52472222,[Reptiles]
1839,34.73305556,-98.52472222,[Reptiles]
1840,34.73305556,-98.52472222,[Reptiles]
1841,34.73305556,-98.52472222,[Reptiles]
1842,34.73305556,-98.52472222,[Reptiles]
1843,34.73305556,-98.52472222,[Reptiles]
1844,34.73305556,-98.52472222,[Reptiles]
1845,34.73305556,-98.52472222,[Reptiles]
1846,34.73305556,-98.52472222,[Reptiles]
1847,34.73305556,-98.52472222,[Reptiles]
1848,34.73305556,-98.52472222,[Reptiles]
1849,34.73305556,-98.52472222,[Reptiles]
1850,34.73305556,-98.52472222,[Reptiles]
1851,34.73305556,-98.52472222,[Reptiles]
1852,34.73305556,-98.52472222,[Reptiles]
1853,34.73305556,-98.52472222,[Reptiles]
1854,34.73305556,-98.52472222,[Reptiles]
1855,34.73305556,-98.52472222,[Reptiles]
1856,34.73305556,-98.52472222,[Reptiles]
1857,34.73305556,-98.52472222,[Reptiles]
1858,34.73305556,-98.52472222,[Reptiles]
1859,34.73305556,-98.52472222,[Reptiles]
1860,34.73305556,-98.52472222,[Reptiles]
1861,34.73305556,-98.52472222,[Reptiles]
1862,34.73305556,-98.52472222,[Reptiles]
1863,34.73305556,-98.52472222,[Reptiles]
1864,34.73305556,-98.52472222,[Reptiles]
1865,34.73305556,-98.52472222,[Reptiles]
1866,34.73305556,-98.52472222,[Reptiles]
1867,34.73305556,-98.52472222,[Reptiles]
1868,34.73305556,-98.52472222,[Reptiles]
1869,34.73305556,-98.52472222,[Reptiles]
1870,34.73305556,-98.52472222,[Reptiles]
1871,34.73305556,-98.52472222,[Reptiles]
1872,34.73305556,-98.52472222,[Reptiles]
1873,34.73305556,-98.52472222,[Reptiles]
1874,34.73305556,-98.52472222,[Reptiles]
1875,34.73305556,-98.52472222,[Reptiles]
1876,34.73305556,-98.52472222,[Reptiles]
1877,34.73305556,-98.52472222,[Reptiles]
1878,34.73305556,-98.52472222,[Reptiles]
1879,34.73305556,-98.52472222,[Reptiles]
1880,34.73305556,-98.52472222,[Reptiles]
1881,34.73305556,-98.52472222,[Reptiles]
1882,34.73305556,-98.52472222,[Reptiles]
1883,34.73305556,-98.52472222,[Reptiles]
1884,34.73305556,-98.52472222,[Reptiles]
1885,34.73305556,-98.52472222,[Reptiles]
1886,34.73305556,-98.52472222,[Reptiles]
1887,34.73305556,-98.52472222,[Reptiles]
1888,34.73305556,-98.52472222,[Reptiles]
1889,34.73305556,-98.52472222,[Reptiles]
1890,34.73305556,-98.52472222,[Reptiles]
1891,34.73305556,-98.52472222,[Reptiles]
1892,34.73305556,-98.52472222,[Reptiles]
1893,34.73305556,-98.52472222,[Reptiles]
1894,34.73305556,-98.52472222,[Reptiles]
1895,34.73305556,-98.52472222,[Reptiles]
1896,34.73305556,-98.52472222,[Reptiles]
1897,34.73305556,-98.52472222,[Reptiles]
1898,34.73305556,-98.52472222,[Reptiles]
1899,34.73305556,-98.52472222,[Reptiles]
1900,34.73305556,-98.52472222,[Reptiles]
1901,34.73305556,-98.52472222,[Reptiles]
1902,34.73305556,-98.52472222,[Reptiles]
1903,34.73305556,-98.52472222,[Reptiles]
1904,34.73305556,-98.52472222,[Reptiles]
1905,34.73305556,-98.52472222,[Reptiles]
1906,34.73305556,-98.52472222,[Reptiles]
1907,34.73305556,-98.52472222,[Reptiles]
1908,34.73305556,-98.52472222,[Reptiles]
1909,34.73305556,-98.52472222,[Reptiles]
1910,34.73305556,-98.52472222,[Reptiles]
1911,34.73305556,-98.52472222,[Reptiles]
1912,34.73305556,-98.52472222,[Reptiles]
1913,34.73305556,-98.52472222,[Reptiles]
1914,34.73305556,-98.52472222,[Reptiles]
1915,34.73305556,-98.52472222,[Reptiles]
1916,34.73305556,-98.52472222,[Reptiles]
1917,34.73305556,-98.52472222,[Reptiles]
1918,34.73305556,-98.52472222,[Reptiles]
1919,34.73305556,-98.52472222,[Reptiles]
1920,34.73305556,-98.52472222,[Reptiles]
1921,34.73305556,-98.52472222,[Reptiles]
1922,34.73305556,-98.52472222,[Reptiles]
1923,34.73305556,-98.52472222,[Reptiles]
1924,34.73305556,-98.52472222,[Reptiles]
1925,34.73305556,-98.52472222,[Reptiles]
1926,34.73305556,-98.52472222,[Reptiles]
1927,34.73305556,-98.52472222,[Reptiles]
1928,34.73305556,-98.52472222,[Reptiles]
1929,34.73305556,-98.52472222,[Reptiles]
1930,34.73305556,-98.52472222,[Reptiles]
1931,34.73305556,-98.52472222,[Reptiles]
1932,34.73305556,-98.52472222,[Reptiles]
1933,34.73305556,-98.52472222,[Reptiles]
1934,34.73305556,-98.52472222,[Reptiles]
1935,34.73305556,-98.52472222,[Reptiles]
1936,34.73305556,-98.52472222,[Reptiles]
1937,34.73305556,-98.52472222,[Reptiles]
1938,34.73305556,-98.52472222,[Reptiles]
1939,34.73305556,-98.52472222,[Reptiles]
1940,34.73305556,-98.52472222,[Reptiles]
1941,34.73305556,-98.52472222,[Reptiles]
1942,34.73305556,-98.52472222,[Reptiles]
1943,34.73305556,-98.52472222,[Reptiles]
1944,34.73305556,-98.52472222,[Reptiles]
1945,34.73305556,-98.52472222,[Reptiles]
1946,34.73305556,-98.52472222,[Reptiles]
1947,34.73305556,-98.52472222,[Reptiles]
1948,34.73305556,-98.52472222,[Reptiles]
1949,34.73305556,-98.52472222,[Reptiles]
1950,34.73305556,-98.52472222,[Reptiles]
1951,34.73305556,-98.52472222,[Reptiles]
1952,34.73305556,-98.52472222,[Reptiles]
1953,34.73305556,-98.52472222,[Reptiles]
1954,34.73305556,-98.52472222,[Reptiles]
1955,34.73305556,-98.52472222,[Reptiles]
1956,34.73305556,-98.52472222,[Reptiles]
1957,34.73305556,-98.52472222,[Reptiles]
1958,34.73305556,-98.52472222,[Reptiles]
1959,34.73305556,-98.52472222,[Reptiles]
1960,34.73305556,-98.52472222,[Reptiles]
1961,34.73305556,-98.52472222,[Reptiles]
1962,34.73305556,-98.52472222,[Reptiles]
1963,34.73305556,-98.52472222,[Reptiles]
1964,34.73305556,-98.52472222,[Reptiles]
1965,34.73305556,-98.52472222,[Reptiles]
1966,34.73305556,-98.52472222,[Reptiles]
1967,34.73305556,-98.52472222,[Reptiles]
1968,34.73305556,-98.52472222,[Reptiles]
